Date,Actual,random_walk,sma,arima
2022-11-23,16610.70703125,16189.76953125,17745.14296875,0.0
2022-11-24,16604.46484375,16610.70703125,17565.17890625,16445.07298169414
2022-11-25,16521.841796875,16604.46484375,17338.040625,16630.596374931654
2022-11-26,16464.28125,16521.841796875,17099.99814453125,16643.487051474476
2022-11-27,16444.626953125,16464.28125,16876.887890625,16670.834031800663
2022-11-28,16217.322265625,16444.626953125,16668.97841796875,16538.55590158165
2022-11-29,16444.982421875,16217.322265625,16552.78095703125,16219.432049950463
2022-11-30,17168.56640625,16444.982421875,16580.991064453126,16434.572129667158
2022-12-01,16967.1328125,17168.56640625,16560.080810546875,17144.426516149495
2022-12-02,17088.66015625,16967.1328125,16556.722802734374,16972.196827243064
2022-12-03,16908.236328125,17088.66015625,16571.196533203125,17102.45965472939
2022-12-04,17130.486328125,16908.236328125,16598.940087890624,16936.23685371909
2022-12-05,16974.826171875,17130.486328125,16624.554443359375,17130.379950654595
2022-12-06,17089.50390625,16974.826171875,16629.065087890624,16977.331785287985
2022-12-07,16848.126953125,17089.50390625,16650.068310546874,17086.091296718896
2022-12-08,17233.474609375,16848.126953125,16658.098779296874,16856.49175014082
2022-12-09,17133.15234375,17233.474609375,16684.883642578126,17222.73966161907
2022-12-10,17128.724609375,17133.15234375,16705.963916015626,17134.1334620831
2022-12-11,17104.193359375,17128.724609375,16747.808544921874,17129.772251632498
2022-12-12,17206.4375,17104.193359375,16813.65400390625,17111.714639205402
2022-12-13,17781.318359375,17206.4375,16864.48740234375,17205.994994852874
2022-12-14,17815.650390625,17781.318359375,16923.01796875,17764.370402362296
2022-12-15,17364.865234375,17815.650390625,16983.57724609375,17818.17594942116
2022-12-16,16647.484375,17364.865234375,17025.72841796875,17390.930849812416
2022-12-17,16795.091796875,16647.484375,17034.88857421875,16685.333566481462
2022-12-18,16757.9765625,16795.091796875,17052.41181640625,16789.18803287451
2022-12-19,16439.6796875,16757.9765625,17079.44453125,16731.830249519582
2022-12-20,16906.3046875,16439.6796875,17079.17939453125,16421.147374301177
2022-12-21,16817.53515625,16906.3046875,17066.06630859375,16886.07568759807
2022-12-22,16830.341796875,16817.53515625,17058.58642578125,16816.65869520721
2022-12-23,16796.953125,16830.341796875,17045.6705078125,16827.832358083328
2022-12-24,16847.755859375,16796.953125,17040.10634765625,16806.47670912119
2022-12-25,16841.986328125,16847.755859375,17025.96982421875,16850.543115803244
2022-12-26,16919.8046875,16841.986328125,17019.32783203125,16840.807702834318
2022-12-27,16717.173828125,16919.8046875,17010.84287109375,16917.80600703282
2022-12-28,16552.572265625,16717.173828125,17004.29521484375,16723.8996375099
2022-12-29,16642.341796875,16552.572265625,16970.25009765625,16558.180703487924
2022-12-30,16602.5859375,16642.341796875,16945.7095703125,16637.81510864815
2022-12-31,16547.49609375,16602.5859375,16919.40263671875,16595.489318903416
2023-01-01,16625.080078125,16547.49609375,16891.5677734375,16542.251771319894
2023-01-02,16688.470703125,16625.080078125,16862.49990234375,16622.489311539866
2023-01-03,16679.857421875,16688.470703125,16807.85751953125,16686.09049997588
2023-01-04,16863.23828125,16679.857421875,16751.06787109375,16679.47759664651
2023-01-05,16836.736328125,16863.23828125,16725.9865234375,16861.227198130015
2023-01-06,16951.96875,16836.736328125,16735.44912109375,16841.195690374578
2023-01-07,16955.078125,16951.96875,16743.29296875,16952.976956326213
2023-01-08,17091.14453125,16955.078125,16753.148046875,16960.71311858732
2023-01-09,17196.5546875,17091.14453125,16785.7212890625,17091.605340751965
2023-01-10,17446.29296875,17196.5546875,16800.2337890625,17197.67369871734
2023-01-11,17934.896484375,17446.29296875,16831.6716796875,17444.494679053878
2023-01-12,18869.587890625,17934.896484375,16886.8994140625,17929.36499991463
2023-01-13,19909.57421875,18869.587890625,16990.53115234375,18856.91869331738
2023-01-14,20976.298828125,19909.57421875,17143.6220703125,19904.679390278936
2023-01-15,20880.798828125,20976.298828125,17350.3376953125,20989.474340695473
2023-01-16,21169.6328125,20880.798828125,17548.38740234375,20944.81481415515
2023-01-17,21161.51953125,21169.6328125,17771.0103515625,21229.198592297475
2023-01-18,20688.78125,21161.51953125,18001.45771484375,21210.637301630057
2023-01-19,21086.79296875,20688.78125,18203.7796875,20719.50116736442
2023-01-20,22676.552734375,21086.79296875,18427.9900390625,21082.014241181027
2023-01-21,22777.625,22676.552734375,18734.44287109375,22630.85879279999
2023-01-22,22720.416015625,22777.625,19042.0701171875,22773.72206385662
2023-01-23,22934.431640625,22720.416015625,19343.6673828125,22758.661581809825
2023-01-24,22636.46875,22934.431640625,19656.39609375,22987.349090820335
2023-01-25,23117.859375,22636.46875,19945.0576171875,22670.821936145076
2023-01-26,23032.77734375,23117.859375,20259.11376953125,23107.624899162547
2023-01-27,23078.728515625,23032.77734375,20563.15419921875,23037.29607833217
2023-01-28,23031.08984375,23078.728515625,20869.33671875,23079.990001589482
2023-01-29,23774.56640625,23031.08984375,21166.333984375,23041.970536857374
2023-01-30,22840.138671875,23774.56640625,21495.2345703125,23759.86796117167
2023-01-31,23139.283203125,22840.138671875,21764.92685546875,22867.2786738562
2023-02-01,23723.76953125,23139.283203125,22025.14619140625,23140.967219389415
2023-02-02,23471.87109375,23723.76953125,22267.8552734375,23714.68695213617
2023-02-03,23449.322265625,23471.87109375,22445.9701171875,23467.630602343917
2023-02-04,23331.84765625,23449.322265625,22569.6212890625,23455.950600174507
2023-02-05,22955.666015625,23331.84765625,22692.17373046875,23353.21252734467
2023-02-06,22760.109375,22955.666015625,22781.475390625,22965.27691314102
2023-02-07,23264.291015625,22760.109375,22861.4048828125,22757.090815610623
2023-02-08,22939.3984375,23264.291015625,22990.18037109375,23238.784349086785
2023-02-09,21819.0390625,22939.3984375,23082.81064453125,22932.511960434276
2023-02-10,21651.18359375,21819.0390625,23039.9349609375,21845.338820321696
2023-02-11,21870.875,21651.18359375,22983.612890625,21658.17293196059
2023-02-12,21788.203125,21870.875,22941.13583984375,21839.86070319587
2023-02-13,21808.1015625,21788.203125,22883.8244140625,21747.317998214687
2023-02-14,22220.8046875,21808.1015625,22842.4060546875,21789.55751741484
2023-02-15,24307.841796875,22220.8046875,22797.5533203125,22212.914540964204
2023-02-16,23623.474609375,24307.841796875,22861.30654296875,24255.039145201637
2023-02-17,24565.6015625,23623.474609375,22888.54384765625,23657.446297556427
2023-02-18,24641.27734375,24565.6015625,22965.26943359375,24591.393097793094
2023-02-19,24327.642578125,24641.27734375,23008.60498046875,24703.02345261358
2023-02-20,24829.1484375,24327.642578125,23082.98017578125,24363.143742271885
2023-02-21,24436.353515625,24829.1484375,23167.4734375,24836.16603296161
2023-02-22,24188.84375,24436.353515625,23203.10263671875,24459.11145901825
2023-02-23,23947.4921875,24188.84375,23238.95126953125,24194.498940343954
2023-02-24,23198.126953125,23947.4921875,23263.859765625,23956.840062498915
2023-02-25,23175.375,23198.126953125,23257.17373046875,23207.087055533404
2023-02-26,23561.212890625,23175.375,23268.1591796875,23154.58047798315
2023-02-27,23522.87109375,23561.212890625,23308.21435546875,23525.097441866284
2023-02-28,23147.353515625,23522.87109375,23321.143359375,23497.405299759874
2023-03-01,23646.55078125,23147.353515625,23331.54111328125,23152.805199727572
2023-03-02,23475.466796875,23646.55078125,23422.91669921875,23643.08354815081
2023-03-03,22362.6796875,23475.466796875,23514.130859375,23479.28172200807
2023-03-04,22353.349609375,22362.6796875,23538.72109375,22388.50699199302
2023-03-05,22435.513671875,22353.349609375,23566.97841796875,22356.298388797415
2023-03-06,22429.7578125,22435.513671875,23598.3490234375,22413.803613895936
2023-03-07,22219.76953125,22429.7578125,23608.7966796875,22391.823952975265
2023-03-08,21718.080078125,22219.76953125,23504.39306640625,22210.20467655454
2023-03-09,20363.021484375,21718.080078125,23409.12333984375,21732.94581888867
2023-03-10,20187.244140625,20363.021484375,23198.9943359375,20393.98137203769
2023-03-11,20632.41015625,20187.244140625,22976.29267578125,20169.973195022794
2023-03-12,22163.94921875,20632.41015625,22791.5310546875,20574.672377779727
2023-03-13,24197.533203125,22163.94921875,22658.27109375,22070.807153418256
2023-03-14,24746.07421875,24197.533203125,22646.330078125,24132.649895586484
2023-03-15,24375.9609375,24746.07421875,22674.1916015625,24780.82745138093
2023-03-16,25052.7890625,24375.9609375,22695.6150390625,24482.7578195869
2023-03-17,27423.9296875,25052.7890625,22788.34814453125,25131.68070596501
2023-03-18,26965.87890625,27423.9296875,23000.77587890625,27404.154745927142
2023-03-19,28038.67578125,26965.87890625,23171.0091796875,26996.839567642553
2023-03-20,27767.236328125,28038.67578125,23396.7994140625,28070.0959920544
2023-03-21,28175.81640625,27767.236328125,23627.7935546875,27856.086495810865
2023-03-22,27307.4375,28175.81640625,23854.2568359375,28204.68539302745
2023-03-23,28333.97265625,27307.4375,24045.85537109375,27354.637384631358
2023-03-24,27493.28515625,28333.97265625,24344.42001953125,28318.12219461786
2023-03-25,27494.70703125,27493.28515625,24601.416796875,27512.226120586554
2023-03-26,27994.330078125,27494.70703125,24854.37646484375,27489.10918676017
2023-03-27,27139.888671875,27994.330078125,25132.605078125,27985.087282140983
2023-03-28,27268.130859375,27139.888671875,25378.61103515625,27152.77695381959
2023-03-29,28348.44140625,27268.130859375,25656.11357421875,27258.50950570084
2023-03-30,28033.5625,28348.44140625,26055.3845703125,28319.926067565546
2023-03-31,28478.484375,28033.5625,26447.70048828125,28028.69788968376
2023-04-01,28411.03515625,28478.484375,26840.00419921875,28477.647213474185
2023-04-02,28199.30859375,28411.03515625,27152.35849609375,28445.153169518984
2023-04-03,27790.220703125,28199.30859375,27352.447265625,28219.00830408503
2023-04-04,28168.08984375,27790.220703125,27504.65458984375,27808.577722709902
2023-04-05,28177.984375,28168.08984375,27694.26103515625,28156.723398488983
2023-04-06,28044.140625,28177.984375,27850.52080078125,28163.611644831006
2023-04-07,27925.859375,28044.140625,27881.53134765625,28038.73597569272
2023-04-08,27947.794921875,27925.859375,27929.53037109375,27934.750605155274
2023-04-09,28333.05078125,27947.794921875,27924.986328125,27950.050294497712
2023-04-10,29652.98046875,28333.05078125,27953.27705078125,28316.485594264093
2023-04-11,30235.05859375,29652.98046875,28027.13525390625,29614.130593225444
2023-04-12,30139.052734375,30235.05859375,28173.51630859375,30231.296139498147
2023-04-13,30399.06640625,30139.052734375,28263.7703125,30181.978568904542
2023-04-14,30485.69921875,30399.06640625,28409.059375,30450.985754862508
2023-04-15,30318.49609375,30485.69921875,28558.608984375,30520.741928327865
2023-04-16,30315.35546875,30318.49609375,28674.81728515625,30333.77310655219
2023-04-17,29445.044921875,30315.35546875,28833.590625,30323.35575777875
2023-04-18,30397.552734375,29445.044921875,28942.436328125,29471.554427129504
2023-04-19,28822.6796875,30397.552734375,29044.89189453125,30364.575131076588
2023-04-20,28245.98828125,28822.6796875,29084.34775390625,28849.10643583652
2023-04-21,27276.91015625,28245.98828125,29072.72294921875,28245.224649643445
2023-04-22,27817.5,27276.91015625,29016.01669921875,27287.846901037272
2023-04-23,27591.384765625,27817.5,28996.92626953125,27751.63187174764
2023-04-24,27525.33984375,27591.384765625,28986.98447265625,27539.267691238852
2023-04-25,28307.59765625,27525.33984375,28954.84697265625,27496.947940889724
2023-04-26,28422.701171875,28307.59765625,28961.32763671875,28285.284802351733
2023-04-27,29473.787109375,28422.701171875,28980.2556640625,28422.25173420735
2023-04-28,29340.26171875,29473.787109375,29057.65205078125,29455.891826523555
2023-04-29,29248.48828125,29340.26171875,29127.275390625,29374.410898968337
2023-04-30,29268.806640625,29248.48828125,29173.047265625,29285.77620158146
2023-05-01,28091.568359375,29268.806640625,29153.83857421875,29300.768024202334
2023-05-02,28680.537109375,28091.568359375,29046.6640625,28132.362893249516
2023-05-03,29006.30859375,28680.537109375,28973.73828125,28655.600788930296
2023-05-04,28847.7109375,29006.30859375,28904.100390625,28976.74969818987
2023-05-05,29534.384765625,28847.7109375,28822.2009765625,28827.056123138576
2023-05-06,28904.623046875,29534.384765625,28782.99541015625,29523.31219010887
2023-05-07,28454.978515625,28904.623046875,28712.4587890625,28940.2247962913
2023-05-08,27694.2734375,28454.978515625,28662.95546875,28477.25839537257
2023-05-09,27658.775390625,27694.2734375,28527.79150390625,27720.27957032996
2023-05-10,27621.755859375,27658.775390625,28469.5962890625,27637.912384305633
2023-05-11,27000.7890625,27621.755859375,28438.38466796875,27584.285349405975
2023-05-12,26804.990234375,27000.7890625,28424.57861328125,26985.40961727709
2023-05-13,26784.078125,26804.990234375,28373.953125,26794.61776300199
2023-05-14,26930.638671875,26784.078125,28333.58779296875,26770.213359047517
2023-05-15,27192.693359375,26930.638671875,28303.852734375,26902.425531512512
2023-05-16,27036.650390625,27192.693359375,28248.10751953125,27170.48964116882
2023-05-17,27398.802734375,27036.650390625,28178.80498046875,27041.112827774254
2023-05-18,26832.208984375,27398.802734375,28075.05576171875,27397.97567822208
2023-05-19,26890.12890625,26832.208984375,27949.653125,26856.303408318465
2023-05-20,27129.5859375,26890.12890625,27831.73515625,26892.09763668285
2023-05-21,26753.826171875,27129.5859375,27724.77412109375,27121.912621283533
2023-05-22,26851.27734375,26753.826171875,27657.88701171875,26753.038017305327
2023-05-23,27225.7265625,26851.27734375,27566.4240234375,26845.27240124522
2023-05-24,26334.818359375,27225.7265625,27477.394921875,27217.503733451464
2023-05-25,26476.20703125,26334.818359375,27351.75029296875,26353.337432225664
2023-05-26,26719.291015625,26476.20703125,27198.84140625,26473.619886741904
2023-05-27,26868.353515625,26719.291015625,27089.5748046875,26709.765942201124
2023-05-28,28085.646484375,26868.353515625,27010.2435546875,26845.01152249326
2023-05-29,27745.884765625,28085.646484375,27029.81220703125,28049.99008462677
2023-05-30,27702.349609375,27745.884765625,27034.16767578125,27772.58657347848
2023-05-31,27219.658203125,27702.349609375,27038.19736328125,27733.85570103279
2023-06-01,26819.97265625,27219.658203125,27049.1408203125,27267.054680195364
2023-06-02,27249.58984375,26819.97265625,27049.88994140625,26834.830080746095
2023-06-03,27075.12890625,27249.58984375,27073.16552734375,27220.892626888257
2023-06-04,27119.06640625,27075.12890625,27080.3900390625,27057.697947655117
2023-06-05,25760.09765625,27119.06640625,27076.70869140625,27105.49479638941
2023-06-06,27238.783203125,25760.09765625,27012.8810546875,25800.92803234732
2023-06-07,26345.998046875,27238.783203125,27004.880078125,27195.573632711497
2023-06-08,26508.216796875,26345.998046875,26980.56953125,26348.46422620566
2023-06-09,26480.375,26508.216796875,26961.47392578125,26485.692569724444
2023-06-10,25851.240234375,26480.375,26929.01337890625,26492.079973951557
2023-06-11,25940.16796875,25851.240234375,26883.88408203125,25864.083033556348
2023-06-12,25902.5,25940.16796875,26838.32861328125,25926.775521150306
2023-06-13,25918.728515625,25902.5,26772.16728515625,25893.284644024894
2023-06-14,25124.67578125,25918.728515625,26751.36279296875,25899.246372056303
2023-06-15,25576.39453125,25124.67578125,26683.78623046875,25138.6959064378
2023-06-16,26327.462890625,25576.39453125,26626.64140625,25561.592023910514
2023-06-17,26510.67578125,26327.462890625,26599.596875,26294.069738860293
2023-06-18,26336.212890625,26510.67578125,26520.84833984375,26492.26959696038
2023-06-19,26851.029296875,26336.212890625,26450.36474609375,26358.801301367475
2023-06-20,28327.48828125,26851.029296875,26407.79873046875,26870.92777995156
2023-06-21,30027.296875,28327.48828125,26463.190234375,28303.95316440854
2023-06-22,29912.28125,30027.296875,26623.5564453125,29995.101776439733
2023-06-23,30695.46875,29912.28125,26756.691015625,29964.50734735508
2023-06-24,30548.6953125,30695.46875,26937.7080078125,30761.79573435993
2023-06-25,30480.26171875,30548.6953125,27109.189453125,30629.876864068738
2023-06-26,30271.130859375,30480.26171875,27345.19765625,30517.868562166906
2023-06-27,30688.1640625,30271.130859375,27496.8150390625,30297.037452466226
2023-06-28,30086.24609375,30688.1640625,27713.92333984375,30681.754843695755
2023-06-29,30445.3515625,30086.24609375,27892.8248046875,30095.55174939948
2023-06-30,30477.251953125,30445.3515625,28091.0736328125,30433.655987421906
2023-07-01,30590.078125,30477.251953125,28322.37421875,30476.613416171047
2023-07-02,30620.76953125,30590.078125,28554.8697265625,30580.92509047831
2023-07-03,31156.439453125,30620.76953125,28790.783203125,30623.68114754562
2023-07-04,30777.58203125,31156.439453125,29052.66875,31150.81481374023
2023-07-05,30514.166015625,30777.58203125,29335.3140625,30794.495914298077
2023-07-06,29909.337890625,30514.166015625,29582.20263671875,30532.555766147383
2023-07-07,30342.265625,29909.337890625,29761.29638671875,29934.714307513066
2023-07-08,30292.541015625,30342.265625,29952.87587890625,30318.993211870373
2023-07-09,30171.234375,30292.541015625,30150.69228515625,30269.971092155793
2023-07-10,30414.470703125,30171.234375,30316.7025390625,30159.26703701467
2023-07-11,30620.951171875,30414.470703125,30421.05166015625,30411.548555818437
2023-07-12,30391.646484375,30620.951171875,30450.734375,30618.906608347937
2023-07-13,31476.048828125,30391.646484375,30474.70263671875,30398.614895833034
2023-07-14,30334.068359375,31476.048828125,30513.731640625,31456.296950560365
2023-07-15,30295.806640625,30334.068359375,30503.00029296875,30374.606985265324
2023-07-16,30249.1328125,30295.806640625,30493.7775390625,30308.68901432275
2023-07-17,30145.888671875,30249.1328125,30492.67763671875,30259.73350216735
2023-07-18,29856.5625,30145.888671875,30465.5638671875,30127.029853442204
2023-07-19,29913.923828125,29856.5625,30454.0796875,29844.879172855322
2023-07-20,29792.015625,29913.923828125,30427.50830078125,29907.185192969737
2023-07-21,29908.744140625,29792.015625,30393.246484375,29785.932495863868
2023-07-22,29771.802734375,29908.744140625,30359.17978515625,29895.441984102043
2023-07-23,30084.5390625,29771.802734375,30316.7314453125,29771.151867663833
2023-07-24,29176.916015625,30084.5390625,30263.13642578125,30074.84904122259
2023-07-25,29227.390625,29176.916015625,30183.103125,29201.615130283928
2023-07-26,29354.97265625,29227.390625,30118.76435546875,29225.699509293525
2023-07-27,29210.689453125,29354.97265625,30091.04609375,29342.392114160095
2023-07-28,29319.24609375,29210.689453125,30034.46728515625,29191.481574027857
2023-07-29,29356.91796875,29319.24609375,29985.8025390625,29306.47278898674
2023-07-30,29275.30859375,29356.91796875,29945.08671875,29358.42723089621
2023-07-31,29230.111328125,29275.30859375,29888.12861328125,29276.960665945506
2023-08-01,29675.732421875,29230.111328125,29818.58662109375,29233.062904822185
2023-08-02,29151.958984375,29675.732421875,29782.79091796875,29664.954828727816
2023-08-03,29178.6796875,29151.958984375,29666.58642578125,29164.745239324096
2023-08-04,29074.091796875,29178.6796875,29608.8169921875,29181.746521112746
2023-08-05,29042.126953125,29074.091796875,29547.73125,29080.565487932563
2023-08-06,29041.85546875,29042.126953125,29487.38095703125,29032.818702725755
2023-08-07,29180.578125,29041.85546875,29432.179296875,29032.866226772334
2023-08-08,29765.4921875,29180.578125,29398.380078125,29173.315199768993
2023-08-09,29561.494140625,29765.4921875,29390.95849609375,29747.94420324689
2023-08-10,29429.591796875,29561.494140625,29379.432421875,29571.46421216014
2023-08-11,29397.71484375,29429.591796875,29355.4748046875,29447.942428659204
2023-08-12,29415.96484375,29397.71484375,29336.77041015625,29414.932164927526
2023-08-13,29282.9140625,29415.96484375,29303.34169921875,29414.890304779405
2023-08-14,29408.443359375,29282.9140625,29308.6416015625,29278.67074428443
2023-08-15,29170.34765625,29408.443359375,29317.69423828125,29401.95341316374
2023-08-16,28701.779296875,29170.34765625,29308.46298828125,29174.743682304048
2023-08-17,26664.55078125,28701.779296875,29283.01748046875,28711.668828104725
2023-08-18,26049.556640625,26664.55078125,29150.28271484375,26714.269352126732
2023-08-19,26096.205078125,26049.556640625,28984.9146484375,26042.857981725017
2023-08-20,26189.583984375,26096.205078125,28825.95947265625,26034.833201558446
2023-08-21,26124.140625,26189.583984375,28673.93310546875,26103.19339083975
2023-08-22,26031.65625,26124.140625,28496.353515625,26077.393230739526
2023-08-23,26431.640625,26031.65625,28340.33837890625,26028.075323815905
2023-08-24,26162.373046875,26431.640625,28202.98642578125,26423.06995698913
2023-08-25,26047.66796875,26162.373046875,28057.40048828125,26168.6462157218
2023-08-26,26008.462890625,26047.66796875,27907.6775390625,26053.36690360229
2023-08-27,26089.693359375,26008.462890625,27756.00791015625,26015.349139243717
2023-08-28,26106.150390625,26089.693359375,27601.463671875,26082.426138340947
2023-08-29,27727.392578125,26106.150390625,27418.49658203125,26097.64032235559
2023-08-30,27297.265625,27727.392578125,27326.79150390625,27683.003254368286
2023-08-31,25931.47265625,27297.265625,27220.1751953125,27317.60281876198
2023-09-01,25800.724609375,25931.47265625,27046.8630859375,25998.84687039527
2023-09-02,25868.798828125,25800.724609375,26866.10107421875,25842.69561861215
2023-09-03,25969.56640625,25868.798828125,26695.3953125,25850.33442686325
2023-09-04,25812.416015625,25969.56640625,26523.45146484375,25914.477649385237
2023-09-05,25779.982421875,25812.416015625,26355.5548828125,25793.983199424954
2023-09-06,25753.236328125,25779.982421875,26209.4650390625,25782.399764199796
2023-09-07,26240.1953125,25753.236328125,26163.89931640625,25755.03746065073
2023-09-08,25905.654296875,26240.1953125,26173.43125,26222.96960101042
2023-09-09,25895.677734375,25905.654296875,26163.9037109375,25912.643148540228
2023-09-10,25832.2265625,25895.677734375,26149.2083984375,25902.59587135527
2023-09-11,25162.654296875,25832.2265625,26134.6126953125,25842.688924915878
2023-09-12,25833.34375,25162.654296875,26091.16259765625,25176.428950907906
2023-09-13,26228.32421875,25833.34375,26061.24775390625,25806.34882654726
2023-09-14,26539.673828125,26228.32421875,26064.5453125,26205.51594919282
2023-09-15,26608.693359375,26539.673828125,26089.14560546875,26523.445292528908
2023-09-16,26568.28125,26608.693359375,26119.15712890625,26627.362828919813
2023-09-17,26534.1875,26568.28125,26143.0865234375,26598.169945304217
2023-09-18,26754.28125,26534.1875,26164.48837890625,26552.06799088403
2023-09-19,27211.1171875,26754.28125,26115.8328125,26754.324368480433
2023-09-20,27132.0078125,27211.1171875,26111.525390625,27198.938879885867
2023-09-21,26567.6328125,27132.0078125,26171.5521484375,27138.492998944843
2023-09-22,26579.568359375,26567.6328125,26209.89755859375,26597.6331323366
2023-09-23,26579.390625,26579.568359375,26245.43603515625,26593.354700285214
2023-09-24,26256.826171875,26579.390625,26275.92724609375,26572.80577738995
2023-09-25,26298.48046875,26256.826171875,26298.14775390625,26246.341325404836
2023-09-26,26217.25,26298.48046875,26324.07265625,26288.131330764387
2023-09-27,26352.716796875,26217.25,26347.27333984375,26213.55683997408
2023-09-28,27021.546875,26352.716796875,26352.8994140625,26339.231966233383
2023-09-29,26911.720703125,27021.546875,26408.69404296875,26999.35429618779
2023-09-30,26967.916015625,26911.720703125,26459.49619140625,26917.952651768315
2023-10-01,27983.75,26967.916015625,26516.2806640625,26981.964336329915
2023-10-02,27530.78515625,27983.75,26657.33544921875,27978.35082967899
2023-10-03,27429.978515625,27530.78515625,26742.20751953125,27554.339753530865
2023-10-04,27799.39453125,27429.978515625,26802.290234375,27450.50056762256
2023-10-05,27415.912109375,27799.39453125,26865.27626953125,27813.916625628193
2023-10-06,27946.59765625,27415.912109375,26905.63720703125,27426.088880546842
2023-10-07,27968.83984375,27946.59765625,26974.55302734375,27928.12628988139
2023-10-08,27935.08984375,27968.83984375,27046.28564453125,27973.412053930937
2023-10-09,27583.677734375,27935.08984375,27105.32607421875,27939.39377325899
2023-10-10,27391.01953125,27583.677734375,27123.9541015625,27604.686664412173
2023-10-11,26873.3203125,27391.01953125,27136.9046875,27402.59995083062
2023-10-12,26756.798828125,26873.3203125,27152.1890625,26878.793067079176
2023-10-13,26862.375,26756.798828125,27161.0505859375,26742.323091761016
2023-10-14,26861.70703125,26862.375,27175.1998046875,26837.802113838814
2023-10-15,27159.65234375,26861.70703125,27205.44384765625,26840.45985432075
2023-10-16,28519.466796875,27159.65234375,27248.50244140625,27142.39257681596
2023-10-17,28415.748046875,28519.466796875,27363.61328125,28486.21097433456
2023-10-18,28328.341796875,28415.748046875,27466.76484375,28431.261919176708
2023-10-19,28719.806640625,28328.341796875,27532.10458984375,28365.891475837667
2023-10-20,29682.94921875,28719.806640625,27622.50888671875,28755.102764101797
2023-10-21,29918.412109375,29682.94921875,27758.260546875,29673.980181996878
2023-10-22,29993.896484375,29918.412109375,27854.99365234375,29919.236001918045
2023-10-23,33086.234375,29993.896484375,27978.14921875,30022.604804646995
2023-10-24,33901.52734375,33086.234375,28260.96201171875,33045.59895890541
2023-10-25,34502.8203125,33901.52734375,28566.06865234375,33915.592360096365
2023-10-26,34156.6484375,34502.8203125,28920.4140625,34555.38206796093
2023-10-27,33909.80078125,34156.6484375,29230.9166015625,34284.297967231825
2023-10-28,34089.57421875,33909.80078125,29527.9646484375,33998.22988408826
2023-10-29,34538.48046875,34089.57421875,29835.6888671875,34108.470524329314
2023-10-30,34502.36328125,34538.48046875,30183.42900390625,34520.29524450569
2023-10-31,34667.78125,34502.36328125,30538.99619140625,34495.56603987991
2023-11-01,35437.25390625,34667.78125,30928.71923828125,34673.98839881407
2023-11-02,34938.2421875,35437.25390625,31362.7419921875,35433.84923692477
2023-11-03,34732.32421875,34938.2421875,31766.5353515625,34963.243572750456
2023-11-04,35082.1953125,34732.32421875,32160.0662109375,34755.31646748254
2023-11-05,35049.35546875,35082.1953125,32556.193359375,35089.628671726525
2023-11-06,35037.37109375,35049.35546875,32882.68779296875,35043.01354732113
2023-11-07,35443.5625,35037.37109375,33213.7689453125,35030.30755846568
2023-11-08,35655.27734375,35443.5625,33569.52998046875,35440.290266528944
2023-11-09,36693.125,35655.27734375,33916.303515625,35655.169670659605
2023-11-10,37313.96875,36693.125,34266.8123046875,36673.339367097156
2023-11-11,37138.05078125,37313.96875,34636.59013671875,37318.604569173964
2023-11-12,37054.51953125,37138.05078125,34993.7978515625,37177.934840525086
2023-11-13,36502.35546875,37054.51953125,35192.212109375,37104.37322384531
2023-11-14,35537.640625,36502.35546875,35322.253515625,36548.53006746757
2023-11-15,37880.58203125,35537.640625,35373.99453125,35562.92907918418
2023-11-16,36154.76953125,37880.58203125,35560.1912109375,37798.56885176403
2023-11-17,36596.68359375,36154.76953125,35672.4396484375,36172.63505406148
2023-11-18,36585.703125,36596.68359375,35797.7951171875,36583.81219002517
2023-11-19,37386.546875,36585.703125,35900.15625,36615.658905187935
2023-11-20,37476.95703125,37386.546875,36044.3654296875,37352.834873448344
2023-11-21,35813.8125,37476.95703125,36184.82421875,37466.34349706151
2023-11-22,37432.33984375,35813.8125,36203.6521484375,35879.88459652654
2023-11-23,37289.62109375,37432.33984375,36328.35703125,37409.88980070703
2023-11-24,37720.28125,37289.62109375,36456.221875,37282.754918998355
2023-11-25,37796.79296875,37720.28125,36588.126171875,37687.268388915894
2023-11-26,37479.12109375,37796.79296875,36725.498046875,37821.21319151475
2023-11-27,37254.16796875,37479.12109375,36847.585546875,37515.401219330255
2023-11-28,37831.0859375,37254.16796875,36938.1158203125,37272.04611108647
2023-11-29,37858.4921875,37831.0859375,37046.90625,37817.555624702
2023-11-30,37712.74609375,37858.4921875,37105.174609375,37846.71432580447
2023-12-01,38688.75,37712.74609375,37125.1134765625,37715.89763718638
2023-12-02,39476.33203125,38688.75,37202.6484375,38677.96336525256
2023-12-03,39978.390625,39476.33203125,37323.7390625,39465.94747787029
2023-12-04,41980.09765625,39978.390625,37497.5408203125,39982.698122382884
2023-12-05,44080.6484375,41980.09765625,37819.663671875,41973.25287102426
2023-12-06,43746.4453125,44080.6484375,38129.6669921875,44082.25311263598
2023-12-07,43292.6640625,43746.4453125,38509.25078125,43829.962068406036
2023-12-08,44166.6015625,43292.6640625,38844.0498046875,43415.32379741853
2023-12-09,43725.984375,44166.6015625,39223.0947265625,44232.056586316234
2023-12-10,43779.69921875,43725.984375,39540.0666015625,43752.74410552712
2023-12-11,41243.83203125,43779.69921875,39855.2037109375,43773.76771665129
2023-12-12,41450.22265625,41243.83203125,40126.7046875,41324.32259637239
2023-12-13,42890.7421875,41450.22265625,40327.598828125,41434.234768422
2023-12-14,43023.97265625,42890.7421875,40607.6548828125,42799.88274088942
2023-12-15,41929.7578125,43023.97265625,40872.839453125,42949.62023457303
2023-12-16,42240.1171875,41929.7578125,41079.4876953125,41956.2656169143
2023-12-17,41364.6640625,42240.1171875,41317.5375,42279.2786942702
2023-12-18,42623.5390625,41364.6640625,41523.0623046875,41393.6814428704
2023-12-19,42270.52734375,42623.5390625,41762.6849609375,42559.348536084326
2023-12-20,43652.25,42270.52734375,41983.28671875,42262.04276254826
2023-12-21,43869.15234375,43652.25,42280.2619140625,43614.745472669776
2023-12-22,43997.90234375,43869.15234375,42539.28203125,43889.721609733206
2023-12-23,43739.54296875,43997.90234375,42765.360546875,44029.09303378005
2023-12-24,43016.1171875,43739.54296875,42953.4181640625,43790.240180589106
2023-12-25,43613.140625,43016.1171875,43005.219140625,43064.080221916585
2023-12-26,42520.40234375,43613.140625,42981.84375,43596.722741981466
2023-12-27,43442.85546875,42520.40234375,42920.5416015625,42531.56928663097
2023-12-28,42627.85546875,43442.85546875,42928.051171875,43398.354444282646
2023-12-29,42099.40234375,42627.85546875,42851.1138671875,42640.776163454764
2023-12-30,42156.90234375,42099.40234375,42769.784765625,42101.56161646019
2023-12-31,42265.1875,42156.90234375,42688.644921875,42151.104067603585
2024-01-01,44167.33203125,42265.1875,42739.7126953125,42239.8346461154
2024-01-02,44957.96875,44167.33203125,42875.5681640625,44089.37420725017
2024-01-03,42848.17578125,44957.96875,42978.9294921875,44940.8070130471
2024-01-04,44179.921875,42848.17578125,42970.1396484375,42948.24562141953
2024-01-05,44162.69140625,44179.921875,43082.6478515625,44213.826020247085
2024-01-06,43989.1953125,44162.69140625,43178.7765625,44181.4637227108
2024-01-07,43943.09765625,43989.1953125,43310.003125,43963.21682204239
2024-01-08,46970.50390625,43943.09765625,43375.9810546875,43954.9493250371
2024-01-09,46139.73046875,46970.50390625,43610.9798828125,46905.63900593183
2024-01-10,46627.77734375,46139.73046875,43735.35390625,46167.35203980118
2024-01-11,46368.5859375,46627.77734375,43873.28515625,46665.50624986319
2024-01-12,42853.16796875,46368.5859375,43991.8193359375,46458.003635754634
2024-01-13,42842.3828125,42853.16796875,43947.5005859375,42972.80721425221
2024-01-14,41796.26953125,42842.3828125,43938.8138671875,42826.88299995984
2024-01-15,42511.96875,41796.26953125,43847.9703125,41755.42737550202
2024-01-16,43154.9453125,42511.96875,43847.5486328125,42371.85227745917
2024-01-17,42742.65234375,43154.9453125,43833.153125,43068.54434847347
2024-01-18,41262.05859375,42742.65234375,43838.89296875,42736.2038332239
2024-01-19,41618.40625,41262.05859375,43797.02578125,41319.616129923364
2024-01-20,41665.5859375,41618.40625,43770.1009765625,41626.21721480616
2024-01-21,41545.78515625,41665.5859375,43740.1208984375,41633.60414765232
2024-01-22,39507.3671875,41545.78515625,43609.0435546875,41502.39569228443
2024-01-23,39845.55078125,39507.3671875,43336.5134765625,39551.55727992165
2024-01-24,40077.07421875,39845.55078125,43186.3822265625,39832.77823373999
2024-01-25,39933.80859375,40077.07421875,42981.23984375,40030.027513593144
2024-01-26,41816.87109375,39933.80859375,42769.795703125,39877.84459028115
2024-01-27,42120.0546875,41816.87109375,42661.1794921875,41751.532217756314
2024-01-28,42035.59375,42120.0546875,42570.02734375,42129.292914402366
2024-01-29,43288.24609375,42035.59375,42323.2818359375,42074.01269152002
2024-01-30,42952.609375,43288.24609375,42180.7076171875,43318.78069807832
2024-01-31,42582.60546875,42952.609375,41996.94921875,43002.456156249
2024-02-01,43075.7734375,42582.60546875,41807.6501953125,42616.86863747164
2024-02-02,43185.859375,43075.7734375,41818.78046875,43093.69857602194
2024-02-03,42992.25,43185.859375,41835.954296875,43185.516264715596
2024-02-04,42583.58203125,42992.25,41895.7533203125,42990.479982466815
2024-02-05,42658.66796875,42583.58203125,41899.333984375,42606.144452036635
2024-02-06,43084.671875,42658.66796875,41874.5201171875,42662.10354554456
2024-02-07,44318.22265625,43084.671875,41891.62109375,43061.22507677507
2024-02-08,45301.56640625,44318.22265625,42044.429296875,44272.65044696586
2024-02-09,47147.19921875,45301.56640625,42228.5873046875,45285.00424270688
2024-02-10,47771.27734375,47147.19921875,42502.66796875,47140.60672089989
2024-02-11,48293.91796875,47771.27734375,42813.942578125,47826.9170364844
2024-02-12,49958.22265625,48293.91796875,43253.2701171875,48367.719432271
2024-02-13,49742.44140625,49958.22265625,43758.9037109375,50001.8377287786
2024-02-14,51826.6953125,49742.44140625,44242.1720703125,49812.17035942159
2024-02-15,51938.5546875,51826.6953125,44836.81640625,51828.364985050386
2024-02-16,52160.203125,51938.5546875,45342.9005859375,52001.00754828626
2024-02-17,51662.99609375,52160.203125,45844.9080078125,52212.36073340026
2024-02-18,52122.546875,51662.99609375,46326.278125,51742.97126241773
2024-02-19,51779.14453125,52122.546875,46767.9931640625,52146.88099547869
2024-02-20,52284.875,51779.14453125,47209.319921875,51789.349593577084
2024-02-21,51839.1796875,52284.875,47694.4333984375,52266.17469106078
2024-02-22,51304.97265625,51839.1796875,48132.6037109375,51853.90241229183
2024-02-23,50731.94921875,51304.97265625,48538.559375,51322.81123552817
2024-02-24,51571.1015625,50731.94921875,48925.5443359375,50747.62827091789
2024-02-25,51733.23828125,51571.1015625,49374.9203125,51529.38424890422
2024-02-26,54522.40234375,51733.23828125,49828.648828125,51697.61901199336
2024-02-27,57085.37109375,54522.40234375,50400.5353515625,54438.80630581003
2024-02-28,62504.7890625,57085.37109375,51038.8927734375,57050.18915218089
2024-02-29,61198.3828125,62504.7890625,51899.05390625,62442.300821022065
2024-03-01,62440.6328125,61198.3828125,52601.6130859375,61396.13460976119
2024-03-02,62029.84765625,62440.6328125,53335.080859375,62629.705559502174
2024-03-03,63167.37109375,62029.84765625,54021.87734375,62232.44556259958
2024-03-04,68330.4140625,63167.37109375,54682.334765625,63197.24851034043
2024-03-05,63801.19921875,68330.4140625,55611.7333984375,68210.61445129754
2024-03-06,66106.8046875,63801.19921875,56210.45859375,63969.368472579736
2024-03-07,66925.484375,66106.8046875,56918.87109375,66156.75252427331
2024-03-08,68300.09375,66925.484375,57657.13515625,67008.65294544277
2024-03-09,68498.8828125,68300.09375,58488.9900390625,68241.83039254454
2024-03-10,69019.7890625,68498.8828125,59307.8068359375,68522.14987176325
2024-03-11,72123.90625,69019.7890625,60169.8390625,69093.38659695254
2024-03-12,71481.2890625,72123.90625,61161.790625,72103.56082312278
2024-03-13,73083.5,71481.2890625,62143.89609375,71547.56226843814
2024-03-14,71396.59375,73083.5,63232.8224609375,73117.5526364133
2024-03-15,69403.7734375,71396.59375,64266.0546875,71542.87673341212
2024-03-16,65315.1171875,69403.7734375,65157.68828125,69505.73485888803
2024-03-17,68390.625,65315.1171875,65836.7822265625,65425.24625627021
2024-03-18,67548.59375,68390.625,66530.193359375,68223.58869611303
2024-03-19,61912.7734375,67548.59375,67053.3544921875,67416.1338315866
2024-03-20,67913.671875,61912.7734375,67023.7537109375,61957.481656163574
2024-03-21,65491.390625,67913.671875,67359.5181640625,67753.75892070352
2024-03-22,63778.76171875,65491.390625,67512.0560546875,65490.17947273882
2024-03-23,64062.203125,63778.76171875,67599.5017578125,63736.286080207654
2024-03-24,67234.171875,64062.203125,67644.243359375,64110.836788544984
2024-03-25,69958.8125,67234.171875,67589.43125,67128.86573671518
2024-03-26,69987.8359375,69958.8125,67897.3119140625,69814.05532191471
2024-03-27,69455.34375,69987.8359375,68091.3634765625,70042.8303829787
2024-03-28,70744.953125,69455.34375,68217.8564453125,69627.88440864549
2024-03-29,69892.828125,70744.953125,68340.0994140625,70843.29414038597
2024-03-30,69645.3046875,69892.828125,68409.7966796875,69951.54720415498
2024-03-31,71333.6484375,69645.3046875,68441.0724609375,69656.51061141785
2024-04-01,69702.1484375,71333.6484375,68401.5595703125,71304.99491290511
2024-04-02,65446.97265625,69702.1484375,68312.6025390625,69739.22459451975
2024-04-03,65980.8125,65446.97265625,67930.776171875,65565.2951603885
2024-04-04,68508.84375,65980.8125,67659.987109375,65968.63849145714
2024-04-05,67837.640625,68508.84375,67615.240625,68334.70570986108
2024-04-06,68896.109375,67837.640625,67741.366796875,67715.32489946314
2024-04-07,69362.5546875,68896.109375,67766.641015625,68868.22182745246
2024-04-08,71631.359375,69362.5546875,67857.3390625,69430.58480805407
2024-04-09,69139.015625,71631.359375,68343.268359375,71608.99717260632
2024-04-10,70587.8828125,69139.015625,68404.535546875,69247.44653264915
2024-04-11,70060.609375,70587.8828125,68659.36015625,70613.40760715191
2024-04-12,67195.8671875,70060.609375,68973.4525390625,70112.35687987234
2024-04-13,63821.47265625,67195.8671875,69130.1357421875,67251.06092393794
2024-04-14,65738.7265625,63821.47265625,68959.50078125,63899.17198471181
2024-04-15,63426.2109375,65738.7265625,68748.496484375,65623.58259392115
2024-04-16,63811.86328125,63426.2109375,68420.415234375,63330.9268890007
2024-04-17,61276.69140625,63811.86328125,68138.2412109375,63678.517283373716
2024-04-18,63512.75390625,61276.69140625,67664.828125,61313.04206034472
2024-04-19,63843.5703125,63512.75390625,67345.8244140625,63404.50970011286
2024-04-20,64994.44140625,63843.5703125,67055.7376953125,63773.494711683634
2024-04-21,64926.64453125,64994.44140625,66738.77734375,64932.423961816545
2024-04-22,66837.6796875,64926.64453125,66500.0021484375,64973.87490396812
2024-04-23,66407.2734375,66837.6796875,66569.5375,66852.29255137443
2024-04-24,64276.8984375,66407.2734375,66590.860546875,66466.96174076386
2024-04-25,64481.70703125,64276.8984375,66379.26328125,64383.199092161485
2024-04-26,63755.3203125,64481.70703125,66211.4666015625,64519.72322571804
2024-04-27,63419.140625,63755.3203125,65954.4271484375,63748.9079501046
2024-04-28,63113.23046875,63419.140625,65657.2564453125,63354.33380521493
2024-04-29,63841.12109375,63113.23046875,65231.35,63081.239548465805
2024-04-30,60636.85546875,63841.12109375,64966.4552734375,63793.797081670586
2024-05-01,58254.01171875,60636.85546875,64468.90390625,60697.555834031074
2024-05-02,59123.43359375,58254.01171875,63878.5740234375,58303.52643654898
2024-05-03,62889.8359375,59123.43359375,63474.95234375,59048.0576669632
2024-05-04,63891.47265625,62889.8359375,63428.3705078125,62655.453451624315
2024-05-05,64031.1328125,63891.47265625,63336.0078125,63773.10093587885
2024-05-06,63161.94921875,64031.1328125,63366.25390625,64096.551069706664
2024-05-07,62334.81640625,63161.94921875,63333.758203125,63338.53359086087
2024-05-08,61187.94140625,62334.81640625,63386.664453125,62443.59716378606
2024-05-09,63049.9609375,61187.94140625,63270.423828125,61217.61969385558
2024-05-10,60792.77734375,63049.9609375,63230.743359375,62954.13979359206
2024-05-11,60793.7109375,60792.77734375,63020.66015625,60798.912026076265
2024-05-12,61448.39453125,60793.7109375,62814.0134765625,60771.274176679675
2024-05-13,62901.44921875,61448.39453125,62544.54921875,61430.563932554665
2024-05-14,61552.7890625,62901.44921875,62369.2580078125,62820.502962089966
2024-05-15,66267.4921875,61552.7890625,62233.0525390625,61573.83273803755
2024-05-16,65231.58203125,66267.4921875,62322.341796875,66185.70221634227
2024-05-17,67051.875,65231.58203125,62396.1548828125,65308.60243690097
2024-05-18,66940.8046875,67051.875,62577.7916015625,67067.91772643951
2024-05-19,66278.3671875,66940.8046875,62769.1703125,67062.71457302928
2024-05-20,71448.1953125,66278.3671875,62891.0326171875,66366.66304316887
2024-05-21,70136.53125,71448.1953125,63431.599609375,71349.21753884443
2024-05-22,69122.3359375,70136.53125,64025.7255859375,70202.85602217451
2024-05-23,67929.5625,69122.3359375,64525.670703125,69220.2697947842
2024-05-24,68526.1015625,67929.5625,64777.65703125,68088.1559446661
2024-05-25,69265.9453125,68526.1015625,65009.3884765625,68520.03637090191
2024-05-26,68518.09375,69265.9453125,65271.1291015625,69173.93769216312
2024-05-27,69394.5546875,68518.09375,65538.936328125,68499.17179862547
2024-05-28,68296.21875,69394.5546875,65891.9232421875,69384.0141070945
2024-05-29,67578.09375,68296.21875,66247.337109375,68347.1317079067
2024-05-30,68364.9921875,67578.09375,66473.74375,67596.4363806566
2024-05-31,67491.4140625,68364.9921875,66852.3544921875,68337.21879185631
2024-06-01,67706.9375,67491.4140625,67187.2396484375,67481.68486565708
2024-06-02,67751.6015625,67706.9375,67500.166796875,67673.53946311858
2024-06-03,68804.78125,67751.6015625,67742.6744140625,67749.20191086637
2024-06-04,70567.765625,68804.78125,68105.2740234375,68764.6752856968
2024-06-05,71082.8203125,70567.765625,68320.2876953125,70520.10274606885
2024-06-06,70757.1640625,71082.8203125,68612.849609375,71101.09773695997
2024-06-07,69342.5859375,70757.1640625,68798.1140625,70836.19545816984
2024-06-08,69305.7734375,69342.5859375,68918.203125,69460.83583906371
2024-06-09,69647.9921875,69305.7734375,69069.5734375,69337.2834641851
2024-06-10,69512.28125,69647.9921875,68979.56328125,69608.74366708568
2024-06-11,67332.03125,69512.28125,68948.35078125,69466.36044961623
2024-06-12,68241.1875,67332.03125,68858.835546875,67373.93869538295
2024-06-13,66756.3984375,68241.1875,68874.416796875,68216.04546840067
2024-06-14,66011.09375,66756.3984375,68785.931640625,66758.37065496163
2024-06-15,66191.0,66011.09375,68623.1890625,65970.3406344583
2024-06-16,66639.046875,66191.0,68506.834375,66151.76795177658
2024-06-17,66490.296875,66639.046875,68369.058984375,66579.30758656828
2024-06-18,65140.74609375,66490.296875,68278.762890625,66453.71318094729
2024-06-19,64960.296875,65140.74609375,68156.8955078125,65179.38326034403
2024-06-20,64828.65625,64960.296875,67986.6607421875,64973.80312201883
2024-06-21,64096.19921875,64828.65625,67853.5228515625,64807.35247678365
2024-06-22,64252.578125,64096.19921875,67672.9859375,64066.14880688663
2024-06-23,63180.796875,64252.578125,67498.034765625,64217.25389605646
2024-06-24,60277.4140625,63180.796875,67216.835546875,63188.960800531044
2024-06-25,61804.640625,60277.4140625,66702.31796875,60327.74770401452
2024-06-26,60811.27734375,61804.640625,66238.408984375,61725.97363939841
2024-06-27,61604.80078125,60811.27734375,65741.1146484375,60756.036757947426
2024-06-28,60320.13671875,61604.80078125,65354.225390625,61500.01649603604
2024-06-29,60887.37890625,60320.13671875,64904.9435546875,60344.655559026105
2024-06-30,62678.29296875,60887.37890625,64466.912890625,60872.95262202436
2024-07-01,62851.98046875,62678.29296875,64125.2134765625,62619.19955735848
2024-07-02,62029.015625,62851.98046875,63901.2109375,62835.96054132616
2024-07-03,60173.921875,62029.015625,63590.60234375,62085.22510033382
2024-07-04,56977.703125,60173.921875,63261.478515625,60289.0451000255
2024-07-05,56662.375,56977.703125,62809.808984375,57071.26537551518
2024-07-06,58303.5390625,56662.375,62333.377734375,56598.35157060668
2024-07-07,55849.109375,58303.5390625,61916.60234375,58125.66006357688
2024-07-08,56705.09765625,55849.109375,61384.54296875,55784.97299362919
2024-07-09,58009.2265625,56705.09765625,60962.760546875,56646.69440658023
2024-07-10,57742.49609375,58009.2265625,60615.20703125,57978.98566537369
2024-07-11,57344.9140625,57742.49609375,60260.8990234375,57716.68602748207
2024-07-12,57899.46484375,57344.9140625,59923.334765625,57370.73123486128
2024-07-13,59231.953125,57899.46484375,59605.6791015625,57932.47977044239
2024-07-14,60787.79296875,59231.953125,59408.2369140625,59201.82826877985
2024-07-15,64870.15234375,60787.79296875,59433.755859375,60745.809805338075
2024-07-16,65097.1484375,64870.15234375,59587.0314453125,64805.52287089291
2024-07-17,64118.79296875,65097.1484375,59801.325,65188.450400378206
2024-07-18,63974.06640625,64118.79296875,59927.024609375,64293.614021271496
2024-07-19,66710.15625,63974.06640625,60109.72109375,64132.27009356338
2024-07-20,67163.6484375,66710.15625,60400.8599609375,66685.5550563674
2024-07-21,68154.5234375,67163.6484375,60625.127734375,67131.84609945408
2024-07-22,67585.25,68154.5234375,60890.2548828125,68163.48097915336
2024-07-23,65927.671875,67585.25,61168.0666015625,67698.78092204778
2024-07-24,65372.1328125,65927.671875,61455.7541015625,66043.28462298703
2024-07-25,65777.2265625,65372.1328125,61875.4755859375,65407.74136747003
2024-07-26,67912.0625,65777.2265625,62331.2181640625,65728.73528183412
2024-07-27,67813.3359375,67912.0625,62811.6443359375,67784.73852402634
2024-07-28,68255.8671875,67813.3359375,63409.8556640625,67790.12129521718
2024-07-29,66819.9140625,68255.8671875,63987.394140625,68289.49557701737
2024-07-30,66201.015625,66819.9140625,64427.928515625,66932.4514715711
2024-07-31,64619.25,66201.015625,64850.8544921875,66248.419725764
2024-08-01,65357.5,64619.25,65214.5712890625,64643.95616881672
2024-08-02,61415.06640625,65357.5,65587.473046875,65280.03480998302
2024-08-03,60680.09375,61415.06640625,65696.6287109375,61451.40392049347
2024-08-04,58116.9765625,60680.09375,65691.24375,60637.924495860854
2024-08-05,53991.45703125,58116.9765625,65353.5849609375,58106.82315229115
2024-08-06,56034.31640625,53991.45703125,64798.300390625,53960.89091324151
2024-08-07,55027.4609375,56034.31640625,64394.0765625,55832.47473161952
2024-08-08,61710.13671875,55027.4609375,63946.7462890625,54890.210383430596
2024-08-09,60880.11328125,61710.13671875,63696.7453125,61397.55077731833
2024-08-10,60945.8125,60880.11328125,63382.5685546875,60914.69025286953
2024-08-11,58719.484375,60945.8125,63022.1330078125,61066.72392145572
2024-08-12,59354.515625,58719.484375,62578.8447265625,58962.634897215685
2024-08-13,60609.56640625,59354.515625,62250.1869140625,59401.71649625934
2024-08-14,58737.26953125,60609.56640625,62012.05859375,60525.95633091131
2024-08-15,57560.09765625,58737.26953125,61660.0607421875,58733.77798255301
2024-08-16,58894.10546875,57560.09765625,61142.4625,57595.447897288184
2024-08-17,59478.97265625,58894.10546875,60696.5009765625,58867.61699276041
2024-08-18,58483.96484375,59478.97265625,60257.65625,59404.64371824579
2024-08-19,59493.453125,58483.96484375,59840.8587890625,58472.9889328999
2024-08-20,59012.79296875,59493.453125,59505.4806640625,59499.30603447932
2024-08-21,61175.19140625,59012.79296875,59225.1578125,59048.98607765155
2024-08-22,60381.9140625,61175.19140625,59016.0423828125,61111.85397673829
2024-08-23,64094.35546875,60381.9140625,58964.384765625,60420.26283854099
2024-08-24,64178.9921875,64094.35546875,59135.0978515625,64033.467632302105
2024-08-25,64333.54296875,64178.9921875,59438.1986328125,64238.88533428129
2024-08-26,62880.66015625,64333.54296875,59955.3029296875,64407.418717306646
2024-08-27,59504.1328125,62880.66015625,60297.6201171875,63028.98161677967
2024-08-28,59027.625,59504.1328125,60521.4537109375,59648.32653577621
2024-08-29,59388.1796875,59027.625,60387.328125,59004.93633321877
2024-08-30,59119.4765625,59388.1796875,60312.7314453125,59267.51980951929
2024-08-31,58969.8984375,59119.4765625,60221.4146484375,58989.13877166278
2024-09-01,57325.48828125,58969.8984375,60233.9353515625,58914.65411112376
2024-09-02,59112.48046875,57325.48828125,60132.483984375,57367.96003814717
2024-09-03,57431.0234375,59112.48046875,60057.6296875,59052.16896988043
2024-09-04,57971.5390625,57431.0234375,59992.3173828125,57442.610464592595
2024-09-05,56160.48828125,57971.5390625,60012.889453125,57929.67416116489
2024-09-06,53948.75390625,56160.48828125,59876.20859375,56211.65023156847
2024-09-07,54139.6875,53948.75390625,59599.69765625,53982.90087320673
2024-09-08,54841.56640625,54139.6875,59382.4837890625,54083.47944335184
2024-09-09,57019.53515625,54841.56640625,59149.889453125,54731.08464149655
2024-09-10,57648.7109375,57019.53515625,59050.2265625,56870.50627454511
2024-09-11,57343.171875,57648.7109375,58873.9025390625,57627.826092138646
2024-09-12,58127.01171875,57343.171875,58721.9654296875,57420.973132125786
2024-09-13,60571.30078125,58127.01171875,58423.5982421875,58197.27927964321
2024-09-14,60005.12109375,60571.30078125,58243.213671875,60555.97107897231
2024-09-15,59182.8359375,60005.12109375,58026.792578125,60044.56470753603
2024-09-16,58192.5078125,59182.8359375,57841.9013671875,59269.94869050532
2024-09-17,60308.5390625,58192.5078125,57776.3201171875,58294.62924886928
2024-09-18,61649.6796875,60308.5390625,57840.3658203125,60250.382080231895
2024-09-19,62940.45703125,61649.6796875,57953.4408203125,61568.88282381264
2024-09-20,63192.9765625,62940.45703125,58144.48984375,62908.301007328395
2024-09-21,63394.83984375,63192.9765625,58355.64375,63270.56240531126
2024-09-22,63648.7109375,63394.83984375,58659.111328125,63489.49847138826
2024-09-23,63329.80078125,63648.7109375,58885.9228515625,63708.824871724726
2024-09-24,64301.96875,63329.80078125,59180.86171875,63370.299105333506
2024-09-25,63143.14453125,64301.96875,59497.383203125,64289.92496978638
2024-09-26,65181.01953125,63143.14453125,59846.516015625,63182.86815300194
2024-09-27,65790.6640625,65181.01953125,60408.129296875,65134.35224170061
2024-09-28,65887.6484375,65790.6640625,60990.678125,65786.99254570484
2024-09-29,65635.3046875,65887.6484375,61542.9822265625,65903.77411282629
2024-09-30,63329.5,65635.3046875,61973.770703125,65702.4383293831
2024-10-01,60837.0078125,63329.5,62257.81015625,63441.18663627026
2024-10-02,60632.78515625,60837.0078125,62432.501953125,60901.13303786137
2024-10-03,60759.40234375,60632.78515625,62557.790625,60577.19781922456
2024-10-04,62067.4765625,60759.40234375,62567.195703125,60629.649831966686
2024-10-05,62089.94921875,62067.4765625,62670.3134765625,61915.34046629661
2024-10-06,62818.953125,62089.94921875,62815.669140625,62053.7975986917
2024-10-07,62236.66015625,62818.953125,63046.99140625,62825.8353224381
2024-10-08,62131.96875,62236.66015625,63143.3974609375,62299.365449822835
2024-10-09,60582.1015625,62131.96875,63167.5119140625,62166.376271187255
2024-10-10,60274.5,60582.1015625,63049.594140625,60635.405461197464
2024-10-11,62445.08984375,60274.5,62903.6703125,60266.43587364867
2024-10-12,63193.0234375,62445.08984375,62856.1828125,62344.50383347694
2024-10-13,62851.375,63193.0234375,62833.3984375,63124.75152347151
2024-10-14,66046.125,62851.375,62809.4771484375,62872.420811284355
2024-10-15,67041.109375,66046.125,62896.6849609375,66039.37119193368
2024-10-16,67612.71875,67041.109375,63091.583203125,67077.05287992487
2024-10-17,67399.8359375,67612.71875,63213.1681640625,67662.92353255145
2024-10-18,68418.7890625,67399.8359375,63293.6267578125,67524.41370996472
2024-10-19,68362.734375,68418.7890625,63420.1837890625,68480.84105423336
2024-10-20,69001.703125,68362.734375,63556.5552734375,68397.27416913456
2024-10-21,67367.8515625,69001.703125,63840.1654296875,69005.64502827816
2024-10-22,67361.40625,67367.8515625,64166.7076171875,67442.33552352907
2024-10-23,66432.1953125,67361.40625,64503.138671875,67380.43672366883
2024-10-24,68161.0546875,66432.1953125,64786.7783203125,66445.1843420311
2024-10-25,66642.4140625,68161.0546875,65091.4572265625,68068.21275967221
2024-10-26,67014.6953125,66642.4140625,65319.08046875,66647.64400596888
2024-10-27,67929.296875,67014.6953125,65528.867578125,67001.90956024171
2024-10-28,69907.7578125,67929.296875,65813.4994140625,67919.17090411461
2024-10-29,72720.4921875,69907.7578125,66202.2888671875,69842.77794695579
2024-10-30,72339.5390625,72720.4921875,66809.2083984375,72660.91183380008
2024-10-31,70215.1875,72339.5390625,67412.4603515625,72433.8587690865
2024-11-01,69482.46875,70215.1875,67800.965234375,70401.03327373345
2024-11-02,69289.2734375,69482.46875,68115.4375,69605.45765011513
2024-11-03,68741.1171875,69289.2734375,68437.332421875,69279.89007549087
2024-11-04,67811.5078125,68741.1171875,68572.08203125,68667.03212624467
2024-11-05,69359.5625,67811.5078125,68610.601953125,67775.45260271954
2024-11-06,75639.078125,69359.5625,68697.944140625,69287.1589754003
2024-11-07,75904.859375,75639.078125,69109.90625,75440.26007263846
2024-11-08,76545.4765625,75904.859375,69484.209765625,75915.02019865783
2024-11-09,76778.8671875,76545.4765625,69893.346875,76686.02920032377
2024-11-10,80474.1875,76778.8671875,70282.205078125,77004.7399116687
2024-11-11,88701.484375,80474.1875,70937.521875,80490.32380700746
2024-11-12,87955.8125,88701.484375,72004.52578125,88526.86122918437
2024-11-13,90584.1640625,87955.8125,73080.706640625,88096.78197914657
2024-11-14,87250.4296875,90584.1640625,74201.862109375,90791.25771414889
2024-11-15,91066.0078125,87250.4296875,75232.262890625,87653.86125084678
2024-11-16,90558.4765625,91066.0078125,76434.828515625,91098.87986124815
2024-11-17,89845.8515625,90558.4765625,77566.2875,90596.81966616529
2024-11-18,90542.640625,89845.8515625,78563.1921875,89867.66269092055
2024-11-19,92343.7890625,90542.640625,79454.299609375,90584.86091790505
2024-11-20,94339.4921875,92343.7890625,80454.512109375,92325.02186166198
2024-11-21,98504.7265625,94339.4921875,81660.72734375,94276.7913452847
2024-11-22,98997.6640625,98504.7265625,83111.840234375,98448.59392996423
2024-11-23,97777.28125,98997.6640625,84597.259765625,99107.81745168618
2024-11-24,98013.8203125,97777.28125,86049.06796875,97982.22370084195
2024-11-25,93102.296875,98013.8203125,87559.18359375,98175.16079445503
2024-11-26,91985.3203125,93102.296875,88746.3203125,93287.50163739793
2024-11-27,95962.53125,91985.3203125,89563.632421875,91967.72910984345
2024-11-28,95652.46875,95962.53125,90566.516015625,95747.71996871338
2024-11-29,97461.5234375,95652.46875,91521.865625,95501.20789733526
2024-11-30,96449.0546875,97461.5234375,92555.9984375,97380.30788724814
2024-12-01,97279.7890625,96449.0546875,93354.741796875,96588.53295267894
2024-12-02,95865.3046875,97279.7890625,93783.65703125,97336.98684018843
2024-12-03,96002.1640625,95865.3046875,94179.131640625,95940.31483274099
2024-12-04,98768.53125,96002.1640625,94450.031640625,96002.89804313333
2024-12-05,96593.5703125,98768.53125,95025.93671875,98680.20498303307
2024-12-06,99920.7109375,96593.5703125,95302.31484375,96632.01198362949
2024-12-07,99923.3359375,99920.7109375,95770.4265625,99860.15708341217
2024-12-08,101236.015625,99923.3359375,96274.30078125,99985.81957396308
2024-12-09,97432.71875,101236.015625,96808.96953125,101235.9499036486
