{
  "timestamp": "2025-12-10T11:31:36.165158",
  "config": {
    "algorithm": "PELT",
    "cost_function": "rbf",
    "penalty": 10,
    "version": "1.0.0"
  },
  "results": {
    "SPY": {
      "num_regimes": 8,
      "change_points": [
        895,
        1900,
        2370,
        4155,
        4545,
        5510,
        5840,
        6274
      ],
      "regime_stats": [
        {
          "regime_id": "0",
          "start_date": "2000-01-03",
          "end_date": "2003-07-28",
          "days": 895,
          "mean_return": -0.06522509237343763,
          "volatility": 0.2353738404934788,
          "start_price": 91.88777923583984,
          "end_price": 66.09673309326172,
          "total_return": -28.067982877660626
        },
        {
          "regime_id": "1",
          "start_date": "2003-07-29",
          "end_date": "2007-07-25",
          "days": 1005,
          "mean_return": 0.12849044849130456,
          "volatility": 0.10782860978279318,
          "start_price": 65.79227447509766,
          "end_price": 107.79615783691406,
          "total_return": 63.843184776526996
        },
        {
          "regime_id": "2",
          "start_date": "2007-07-26",
          "end_date": "2009-06-05",
          "days": 470,
          "mean_return": -0.16641259251833973,
          "volatility": 0.3608349194675182,
          "start_price": 105.24359130859376,
          "end_price": 70.03546905517578,
          "total_return": -33.45393464404044
        },
        {
          "regime_id": "3",
          "start_date": "2009-06-08",
          "end_date": "2016-07-08",
          "days": 1785,
          "mean_return": 0.14803290640688482,
          "volatility": 0.15910298573199017,
          "start_price": 69.74654388427734,
          "end_price": 182.63877868652344,
          "total_return": 161.8606865876474
        },
        {
          "regime_id": "4",
          "start_date": "2016-07-11",
          "end_date": "2018-01-25",
          "days": 390,
          "mean_return": 0.207757410542708,
          "volatility": 0.0752482819893398,
          "start_price": 183.282958984375,
          "end_price": 250.77072143554688,
          "total_return": 36.82162423890443
        },
        {
          "regime_id": "5",
          "start_date": "2018-01-26",
          "end_date": "2021-11-23",
          "days": 965,
          "mean_return": 0.17065734206966685,
          "volatility": 0.21024576967747657,
          "start_price": 253.6741943359375,
          "end_price": 442.6235961914063,
          "total_return": 74.48507024929998
        },
        {
          "regime_id": "6",
          "start_date": "2021-11-24",
          "end_date": "2023-03-20",
          "days": 330,
          "mean_return": -0.08840505844376757,
          "volatility": 0.22806303781312845,
          "start_price": 443.8053283691406,
          "end_price": 381.0557861328125,
          "total_return": -14.138979012918796
        },
        {
          "regime_id": "7",
          "start_date": "2023-03-21",
          "end_date": "2024-12-09",
          "days": 434,
          "mean_return": 0.2684928412695054,
          "volatility": 0.1206197385538434,
          "start_price": 386.0592041015625,
          "end_price": 597.4168701171875,
          "total_return": 54.747474939108585
        }
      ]
    },
    "BTC": {
      "num_regimes": 3,
      "change_points": [
        955,
        1320,
        3737
      ],
      "regime_stats": [
        {
          "regime_id": "0",
          "start_date": "2014-09-17",
          "end_date": "2017-04-28",
          "days": 955,
          "mean_return": 0.41278630145629663,
          "volatility": 0.5120564704395881,
          "start_price": 457.3340148925781,
          "end_price": 1316.47998046875,
          "total_return": 187.85962504406638
        },
        {
          "regime_id": "1",
          "start_date": "2017-04-29",
          "end_date": "2018-04-28",
          "days": 365,
          "mean_return": 1.74354161281192,
          "volatility": 0.8854753491771812,
          "start_price": 1321.7900390625,
          "end_price": 9348.48046875,
          "total_return": 607.2591101821704
        },
        {
          "regime_id": "2",
          "start_date": "2018-04-29",
          "end_date": "2024-12-09",
          "days": 2417,
          "mean_return": 0.39131779949144124,
          "volatility": 0.5383789476659847,
          "start_price": 9419.080078125,
          "end_price": 97432.71875,
          "total_return": 934.4186262550105
        }
      ]
    }
  }
}